{
  "resourceType" : "Bundle",
  "id" : "a36954e6-5465-41c2-bdad-bad747c8f040",
  "meta" : {
    "lastUpdated" : "2025-11-12T08:43:45.324+00:00"
  },
  "type" : "collection",
  "entry" : [{
    "fullUrl" : "http://smart.who.int/ig-empty/ValueSet/ZimGender",
    "resource" : {
      "resourceType" : "ValueSet",
      "text" : {
        "status" : "generated",
        "div" : "<div xmlns=\"http://www.w3.org/1999/xhtml\"><p class=\"res-header-id\"/><p style=\"border: black 1px dotted; background-color: #EEEEEE; padding: 8px; margin-bottom: 8px\">Expansion performed internally based on <a href=\"http://hl7.org/fhir/R4/codesystem-administrative-gender.html\">codesystem AdministrativeGender v4.0.1 (CodeSystem)</a><span class=\"copy-text-inline\"><button data-clipboard-text=\"http://hl7.org/fhir/administrative-gender|4.0.1\" title=\"Click to Copy URL\" class=\"btn-copy\"> </button></span></p><p>This value set contains 3 concepts</p><table class=\"codes\" data-fhir=\"generated\"><tr><td><b>System</b></td><td style=\"white-space:nowrap\"><b>Code</b></td><td><b>Display (en)</b></td><td><b>JSON</b></td><td><b>XML</b></td></tr><tr><td><a name=\"x-http://hl7.org/fhir/administrative-gender-male\"> </a><code>http://hl7.org/fhir/administrative-gender</code></td><td style=\"white-space:nowrap\">\u00a0\u00a0<a href=\"http://hl7.org/fhir/R4/codesystem-administrative-gender.html#administrative-gender-male\">male</a></td><td>Male</td><td><span class=\"copy-text-inline\"><button data-clipboard-text=\"{&quot;system&quot;: &quot;http://hl7.org/fhir/administrative-gender&quot;, &quot;version&quot;: &quot;4.0.1&quot;, &quot;code&quot;: &quot;male&quot;, &quot;display&quot;: &quot;Male&quot;}\" title=\"Click to Copy as Coding\" class=\"btn-copy\"> </button></span></td><td><span class=\"copy-text-inline\"><button data-clipboard-text=\"&lt;coding&gt;&lt;system value=&quot;http://hl7.org/fhir/administrative-gender&quot;&gt;&lt;version value=&quot;4.0.1&quot;&gt;&lt;code value=&quot;male&quot;&gt;&lt;display value=&quot;Male&quot;&gt;&lt;/coding&gt;\" title=\"Click to Copy as Coding\" class=\"btn-copy\"> </button></span></td></tr><tr><td><a name=\"x-http://hl7.org/fhir/administrative-gender-female\"> </a><code>http://hl7.org/fhir/administrative-gender</code></td><td style=\"white-space:nowrap\">\u00a0\u00a0<a href=\"http://hl7.org/fhir/R4/codesystem-administrative-gender.html#administrative-gender-female\">female</a></td><td>Female</td><td><span class=\"copy-text-inline\"><button data-clipboard-text=\"{&quot;system&quot;: &quot;http://hl7.org/fhir/administrative-gender&quot;, &quot;version&quot;: &quot;4.0.1&quot;, &quot;code&quot;: &quot;female&quot;, &quot;display&quot;: &quot;Female&quot;}\" title=\"Click to Copy as Coding\" class=\"btn-copy\"> </button></span></td><td><span class=\"copy-text-inline\"><button data-clipboard-text=\"&lt;coding&gt;&lt;system value=&quot;http://hl7.org/fhir/administrative-gender&quot;&gt;&lt;version value=&quot;4.0.1&quot;&gt;&lt;code value=&quot;female&quot;&gt;&lt;display value=&quot;Female&quot;&gt;&lt;/coding&gt;\" title=\"Click to Copy as Coding\" class=\"btn-copy\"> </button></span></td></tr><tr><td><a name=\"x-http://hl7.org/fhir/administrative-gender-other\"> </a><code>http://hl7.org/fhir/administrative-gender</code></td><td style=\"white-space:nowrap\">\u00a0\u00a0<a href=\"http://hl7.org/fhir/R4/codesystem-administrative-gender.html#administrative-gender-other\">other</a></td><td>Not Determined</td><td><span class=\"copy-text-inline\"><button data-clipboard-text=\"{&quot;system&quot;: &quot;http://hl7.org/fhir/administrative-gender&quot;, &quot;version&quot;: &quot;4.0.1&quot;, &quot;code&quot;: &quot;other&quot;, &quot;display&quot;: &quot;Not Determined&quot;}\" title=\"Click to Copy as Coding\" class=\"btn-copy\"> </button></span></td><td><span class=\"copy-text-inline\"><button data-clipboard-text=\"&lt;coding&gt;&lt;system value=&quot;http://hl7.org/fhir/administrative-gender&quot;&gt;&lt;version value=&quot;4.0.1&quot;&gt;&lt;code value=&quot;other&quot;&gt;&lt;display value=&quot;Not Determined&quot;&gt;&lt;/coding&gt;\" title=\"Click to Copy as Coding\" class=\"btn-copy\"> </button></span></td></tr></table></div>"
      },
      "url" : "http://smart.who.int/ig-empty/ValueSet/ZimGender",
      "version" : "0.1.0",
      "name" : "ZimGenderVS",
      "title" : "Gender Value Set",
      "status" : "draft",
      "date" : "2025-11-12T08:43:45+00:00",
      "jurisdiction" : [{
        "coding" : [{
          "system" : "http://unstats.un.org/unsd/methods/m49/m49.htm",
          "code" : "716",
          "display" : "Zimbabwe"
        }]
      }],
      "expansion" : {
        "identifier" : "urn:uuid:231d840f-6bab-4f87-84d3-ce6f1ddc55f4",
        "timestamp" : "2025-11-12T08:44:47+00:00",
        "total" : 3,
        "offset" : 0,
        "parameter" : [{
          "name" : "displayLanguage",
          "valueCode" : "en"
        },
        {
          "name" : "count",
          "valueInteger" : 1000
        },
        {
          "name" : "offset",
          "valueInteger" : 0
        },
        {
          "name" : "excludeNested",
          "valueBoolean" : false
        },
        {
          "name" : "used-codesystem",
          "valueUri" : "http://hl7.org/fhir/administrative-gender|4.0.1"
        }],
        "contains" : [{
          "system" : "http://hl7.org/fhir/administrative-gender",
          "code" : "male",
          "display" : "Male"
        },
        {
          "system" : "http://hl7.org/fhir/administrative-gender",
          "code" : "female",
          "display" : "Female"
        },
        {
          "system" : "http://hl7.org/fhir/administrative-gender",
          "code" : "other",
          "display" : "Not Determined"
        }]
      }
    }
  }]
}